yaw_deg,object_id,class,bbox,baseline_associated_points,retained_points,association_retention_pct,association_drop_pct
0.0,0,Car,"0.00,192.37,402.31,374.00",3163,3163,100.0,0.0
0.0,1,Car,"334.85,178.94,624.50,372.04",3761,3761,100.0,0.0
0.0,2,Car,"937.29,197.39,1241.00,374.00",1904,1904,100.0,0.0
0.0,3,Car,"597.59,176.18,720.90,261.14",1127,1127,100.0,0.0
0.0,4,Car,"741.18,168.83,792.25,208.43",91,91,100.0,0.0
0.0,5,Car,"884.52,178.31,956.41,240.18",344,344,100.0,0.0
0.5,0,Car,"0.00,192.37,402.31,374.00",3163,3102,98.07145115396776,1.9285488460322426
0.5,1,Car,"334.85,178.94,624.50,372.04",3761,3658,97.26136665780378,2.7386333421962235
0.5,2,Car,"937.29,197.39,1241.00,374.00",1904,1816,95.3781512605042,4.621848739495803
0.5,3,Car,"597.59,176.18,720.90,261.14",1127,1070,94.94232475598935,5.057675244010653
0.5,4,Car,"741.18,168.83,792.25,208.43",91,71,78.02197802197803,21.97802197802197
0.5,5,Car,"884.52,178.31,956.41,240.18",344,316,91.86046511627907,8.139534883720927
1.0,0,Car,"0.00,192.37,402.31,374.00",3163,3033,95.8899778691116,4.110022130888396
1.0,1,Car,"334.85,178.94,624.50,372.04",3761,3543,94.20366923690509,5.796330763094915
1.0,2,Car,"937.29,197.39,1241.00,374.00",1904,1729,90.80882352941177,9.191176470588232
1.0,3,Car,"597.59,176.18,720.90,261.14",1127,1006,89.26353149955635,10.73646850044365
1.0,4,Car,"741.18,168.83,792.25,208.43",91,60,65.93406593406593,34.06593406593407
1.0,5,Car,"884.52,178.31,956.41,240.18",344,281,81.68604651162791,18.313953488372093
1.5,0,Car,"0.00,192.37,402.31,374.00",3163,2975,94.05627568763832,5.943724312361681
1.5,1,Car,"334.85,178.94,624.50,372.04",3761,3442,91.51821324115927,8.481786758840727
1.5,2,Car,"937.29,197.39,1241.00,374.00",1904,1644,86.34453781512605,13.655462184873954
1.5,3,Car,"597.59,176.18,720.90,261.14",1127,946,83.9396628216504,16.0603371783496
1.5,4,Car,"741.18,168.83,792.25,208.43",91,49,53.84615384615385,46.15384615384615
1.5,5,Car,"884.52,178.31,956.41,240.18",344,252,73.25581395348837,26.74418604651163
2.0,0,Car,"0.00,192.37,402.31,374.00",3163,2910,92.00126462219411,7.998735377805886
2.0,1,Car,"334.85,178.94,624.50,372.04",3761,3341,88.83275724541345,11.167242754586553
2.0,2,Car,"937.29,197.39,1241.00,374.00",1904,1572,82.56302521008404,17.436974789915965
2.0,3,Car,"597.59,176.18,720.90,261.14",1127,885,78.52706299911269,21.472937000887313
2.0,4,Car,"741.18,168.83,792.25,208.43",91,36,39.56043956043956,60.43956043956044
2.0,5,Car,"884.52,178.31,956.41,240.18",344,208,60.46511627906977,39.53488372093023
