condition,drift_value,drift_unit,median_error_px,p90_error_px,association_retention,association_drop_pp,baseline_visible,corrupted_visible,matched_visible,baseline_associations,retained_associations,map,map_protocol
camera_yaw,0.0,deg,0.0,0.0,1.0,0.0,17238,17238,17238,10390,10390,,
camera_yaw,0.25,deg,3.5073640144720937,4.807383765054669,0.9796920115495669,2.0307988450433134,17238,17167,17167,10390,10179,,
camera_yaw,0.5,deg,7.0088141483018935,9.579200164472287,0.9596727622714148,4.032723772858516,17238,17101,17101,10390,9971,,
camera_yaw,0.75,deg,10.504443368363393,14.313880585331628,0.9395572666025024,6.044273339749761,17238,17037,17037,10390,9762,,
camera_yaw,1.0,deg,13.990829243543537,19.003536628745866,0.9210779595765158,7.892204042348416,17238,16963,16963,10390,9570,,
camera_yaw,1.25,deg,17.468850283224217,23.671667556043012,0.9013474494706448,9.865255052935517,17238,16894,16894,10390,9365,,
camera_yaw,1.5,deg,20.943702148975188,28.282523606988736,0.8827718960538979,11.722810394610207,17238,16824,16824,10390,9172,,
camera_yaw,1.75,deg,24.413014134082847,32.86580753607297,0.865832531280077,13.416746871992302,17238,16757,16757,10390,8996,,
camera_yaw,2.0,deg,27.87948300632509,37.43539160886984,0.848604427333975,15.139557266602498,17238,16697,16697,10390,8817,,
