perturb_type,level,unit,n_runs,median_px,p90_px,retention,valid_ratio,inside_image_ratio
baseline,0,-,20,0.0,0.0,1.0,1.0,1.0
pitch,0.5,deg,20,6.346,6.674,0.937,1.0,0.994
pitch,1.0,deg,20,12.693,13.346,0.874,1.0,0.983
pitch,1.5,deg,20,19.043,20.022,0.813,1.0,0.971
pitch,2.0,deg,20,25.406,26.738,0.77,1.0,0.954
yaw,0.5,deg,20,7.023,9.661,0.959,1.0,0.994
yaw,1.0,deg,20,14.043,19.323,0.917,1.0,0.986
yaw,1.5,deg,20,21.06,29.002,0.876,1.0,0.978
yaw,2.0,deg,20,28.1,38.679,0.845,1.0,0.975
roll,0.5,deg,20,2.341,4.675,0.978,1.0,0.996
roll,1.0,deg,20,4.682,9.349,0.95,1.0,0.992
roll,1.5,deg,20,7.023,14.024,0.93,1.0,0.988
roll,2.0,deg,20,9.365,18.698,0.902,1.0,0.984
trans_x,0.02,m,20,1.45,2.99,0.991,1.0,0.999
trans_x,0.05,m,20,3.624,7.474,0.979,1.0,0.996
trans_x,0.1,m,20,7.248,14.949,0.958,1.0,0.993
trans_y,0.02,m,20,1.448,2.998,0.987,1.0,0.996
trans_y,0.05,m,20,3.619,7.494,0.96,1.0,0.984
trans_y,0.1,m,20,7.239,14.989,0.919,1.0,0.976
trans_z,0.02,m,20,0.516,1.89,0.993,1.0,0.997
trans_z,0.05,m,20,1.288,4.711,0.986,1.0,0.995
trans_z,0.1,m,20,2.574,9.422,0.973,1.0,0.989
combined,0.5deg+2cm,deg+m,20,4.95,7.374,0.953,1.0,0.992
combined,1.0deg+5cm,deg+m,20,11.363,16.346,0.887,1.0,0.977
combined,2.0deg+10cm,deg+m,20,22.09,31.734,0.797,1.0,0.972
