perturb_type,level,box,depth_m,n_points,retention
baseline,0,0,3.7,2343,1.0
baseline,0,1,7.9,3520,1.0
baseline,0,2,6.2,1840,1.0
baseline,0,3,14.4,1127,1.0
baseline,0,4,33.2,91,1.0
baseline,0,5,20.0,344,1.0
pitch,0.5,0,3.7,2343,0.9388
pitch,0.5,1,7.9,3520,0.9514
pitch,0.5,2,6.2,1840,0.9367
pitch,0.5,3,14.4,1127,0.9124
pitch,0.5,4,33.2,91,0.8681
pitch,0.5,5,20.0,344,0.8757
pitch,1.0,0,3.7,2343,0.8872
pitch,1.0,1,7.9,3520,0.8885
pitch,1.0,2,6.2,1840,0.8828
pitch,1.0,3,14.4,1127,0.8181
pitch,1.0,4,33.2,91,0.7308
pitch,1.0,5,20.0,344,0.7968
pitch,1.5,0,3.7,2343,0.8011
pitch,1.5,1,7.9,3520,0.8562
pitch,1.5,2,6.2,1840,0.8111
pitch,1.5,3,14.4,1127,0.7558
pitch,1.5,4,33.2,91,0.6176
pitch,1.5,5,20.0,344,0.7035
pitch,2.0,0,3.7,2343,0.7621
pitch,2.0,1,7.9,3520,0.8328
pitch,2.0,2,6.2,1840,0.7633
pitch,2.0,3,14.4,1127,0.6992
pitch,2.0,4,33.2,91,0.3187
pitch,2.0,5,20.0,344,0.5814
yaw,0.5,0,3.7,2343,0.9685
yaw,0.5,1,7.9,3520,0.972
yaw,0.5,2,6.2,1840,0.9495
yaw,0.5,3,14.4,1127,0.9466
yaw,0.5,4,33.2,91,0.8033
yaw,0.5,5,20.0,344,0.8993
yaw,1.0,0,3.7,2343,0.9292
yaw,1.0,1,7.9,3520,0.9438
yaw,1.0,2,6.2,1840,0.8999
yaw,1.0,3,14.4,1127,0.8906
yaw,1.0,4,33.2,91,0.7297
yaw,1.0,5,20.0,344,0.7798
yaw,1.5,0,3.7,2343,0.8881
yaw,1.5,1,7.9,3520,0.9185
yaw,1.5,2,6.2,1840,0.8528
yaw,1.5,3,14.4,1127,0.8352
yaw,1.5,4,33.2,91,0.6385
yaw,1.5,5,20.0,344,0.6703
yaw,2.0,0,3.7,2343,0.8828
yaw,2.0,1,7.9,3520,0.8866
yaw,2.0,2,6.2,1840,0.8177
yaw,2.0,3,14.4,1127,0.7893
yaw,2.0,4,33.2,91,0.4451
yaw,2.0,5,20.0,344,0.5908
roll,0.5,0,3.7,2343,0.9688
roll,0.5,1,7.9,3520,0.9911
roll,0.5,2,6.2,1840,0.9579
roll,0.5,3,14.4,1127,0.9951
roll,0.5,4,33.2,91,0.9923
roll,0.5,5,20.0,344,0.9439
roll,1.0,0,3.7,2343,0.921
roll,1.0,1,7.9,3520,0.9795
roll,1.0,2,6.2,1840,0.9263
roll,1.0,3,14.4,1127,0.9855
roll,1.0,4,33.2,91,0.8945
roll,1.0,5,20.0,344,0.8812
roll,1.5,0,3.7,2343,0.9032
roll,1.5,1,7.9,3520,0.9683
roll,1.5,2,6.2,1840,0.8819
roll,1.5,3,14.4,1127,0.9744
roll,1.5,4,33.2,91,0.8511
roll,1.5,5,20.0,344,0.843
roll,2.0,0,3.7,2343,0.8551
roll,2.0,1,7.9,3520,0.9558
roll,2.0,2,6.2,1840,0.8495
roll,2.0,3,14.4,1127,0.961
roll,2.0,4,33.2,91,0.8022
roll,2.0,5,20.0,344,0.7922
trans_x,0.02,0,3.7,2343,0.9867
trans_x,0.02,1,7.9,3520,0.9927
trans_x,0.02,2,6.2,1840,0.9905
trans_x,0.02,3,14.4,1127,0.9927
trans_x,0.02,4,33.2,91,0.9808
trans_x,0.02,5,20.0,344,0.9898
trans_x,0.05,0,3.7,2343,0.9715
trans_x,0.05,1,7.9,3520,0.9824
trans_x,0.05,2,6.2,1840,0.979
trans_x,0.05,3,14.4,1127,0.9815
trans_x,0.05,4,33.2,91,0.9665
trans_x,0.05,5,20.0,344,0.9855
trans_x,0.1,0,3.7,2343,0.9492
trans_x,0.1,1,7.9,3520,0.9635
trans_x,0.1,2,6.2,1840,0.9595
trans_x,0.1,3,14.4,1127,0.9596
trans_x,0.1,4,33.2,91,0.9341
trans_x,0.1,5,20.0,344,0.9608
trans_y,0.02,0,3.7,2343,0.9811
trans_y,0.02,1,7.9,3520,0.991
trans_y,0.02,2,6.2,1840,0.9861
trans_y,0.02,3,14.4,1127,0.9929
trans_y,0.02,4,33.2,91,1.0
trans_y,0.02,5,20.0,344,0.9811
trans_y,0.05,0,3.7,2343,0.9408
trans_y,0.05,1,7.9,3520,0.9708
trans_y,0.05,2,6.2,1840,0.9624
trans_y,0.05,3,14.4,1127,0.96
trans_y,0.05,4,33.2,91,1.0
trans_y,0.05,5,20.0,344,0.9602
trans_y,0.1,0,3.7,2343,0.8636
trans_y,0.1,1,7.9,3520,0.9393
trans_y,0.1,2,6.2,1840,0.9329
trans_y,0.1,3,14.4,1127,0.925
trans_y,0.1,4,33.2,91,0.9945
trans_y,0.1,5,20.0,344,0.9666
trans_z,0.02,0,3.7,2343,0.9881
trans_z,0.02,1,7.9,3520,0.9948
trans_z,0.02,2,6.2,1840,0.9907
trans_z,0.02,3,14.4,1127,1.0
trans_z,0.02,4,33.2,91,1.0
trans_z,0.02,5,20.0,344,0.989
trans_z,0.05,0,3.7,2343,0.973
trans_z,0.05,1,7.9,3520,0.9933
trans_z,0.05,2,6.2,1840,0.9822
trans_z,0.05,3,14.4,1127,0.9986
trans_z,0.05,4,33.2,91,0.9956
trans_z,0.05,5,20.0,344,0.9884
trans_z,0.1,0,3.7,2343,0.9537
trans_z,0.1,1,7.9,3520,0.9834
trans_z,0.1,2,6.2,1840,0.9601
trans_z,0.1,3,14.4,1127,0.9971
trans_z,0.1,4,33.2,91,0.9841
trans_z,0.1,5,20.0,344,0.9795
combined,0.5deg+2cm,0,3.7,2343,0.9596
combined,0.5deg+2cm,1,7.9,3520,0.9666
combined,0.5deg+2cm,2,6.2,1840,0.9474
combined,0.5deg+2cm,3,14.4,1127,0.9345
combined,0.5deg+2cm,4,33.2,91,0.8165
combined,0.5deg+2cm,5,20.0,344,0.8977
combined,1.0deg+5cm,0,3.7,2343,0.8899
combined,1.0deg+5cm,1,7.9,3520,0.9101
combined,1.0deg+5cm,2,6.2,1840,0.8916
combined,1.0deg+5cm,3,14.4,1127,0.8473
combined,1.0deg+5cm,4,33.2,91,0.6813
combined,1.0deg+5cm,5,20.0,344,0.7968
combined,2.0deg+10cm,0,3.7,2343,0.8115
combined,2.0deg+10cm,1,7.9,3520,0.8527
combined,2.0deg+10cm,2,6.2,1840,0.7694
combined,2.0deg+10cm,3,14.4,1127,0.726
combined,2.0deg+10cm,4,33.2,91,0.4489
combined,2.0deg+10cm,5,20.0,344,0.5894
