perturb_type,level,unit,seed,n_compared,valid_ratio,median_px,p90_px,retention,inside_image_ratio
baseline,0,-,0,17238,1.0,0.0,0.0,1.0,1.0
pitch,0.5,deg,0,17238,1.0,6.344,6.667,0.9325,0.9999
pitch,1.0,deg,0,17238,1.0,12.684,13.304,0.8562,0.9999
pitch,1.5,deg,0,17238,1.0,19.02,19.914,0.7817,0.9998
pitch,2.0,deg,0,17238,1.0,25.458,26.978,0.8119,0.9075
yaw,0.5,deg,0,17238,1.0,7.025,9.658,0.9618,0.9945
yaw,1.0,deg,0,17238,1.0,14.05,19.313,0.9223,0.9886
yaw,1.5,deg,0,17238,1.0,21.076,28.98,0.8858,0.9829
yaw,2.0,deg,0,17238,1.0,28.112,38.675,0.8482,0.9771
roll,0.5,deg,0,17238,1.0,2.341,4.675,0.9767,0.9959
roll,1.0,deg,0,17238,1.0,4.682,9.349,0.9461,0.9922
roll,1.5,deg,0,17238,1.0,7.024,14.024,0.9187,0.9882
roll,2.0,deg,0,17238,1.0,9.365,18.698,0.8928,0.9838
trans_x,0.02,m,0,17238,1.0,1.45,2.99,0.9899,0.9987
trans_x,0.05,m,0,17238,1.0,3.624,7.474,0.9783,0.9967
trans_x,0.1,m,0,17238,1.0,7.248,14.946,0.9565,0.9936
trans_y,0.02,m,0,17238,1.0,1.448,2.998,0.9832,0.9922
trans_y,0.05,m,0,17238,1.0,3.619,7.494,0.9567,0.9755
trans_y,0.1,m,0,17238,1.0,7.238,14.987,0.9169,0.9524
trans_z,0.02,m,0,17238,1.0,0.514,1.879,0.9965,1.0
trans_z,0.05,m,0,17238,1.0,1.282,4.672,0.9924,1.0
trans_z,0.1,m,0,17238,1.0,2.604,9.635,0.9551,0.9763
combined,0.5deg+2cm,deg+m,0,17238,1.0,8.225,11.737,0.9526,0.9939
combined,1.0deg+5cm,deg+m,0,17238,1.0,7.684,16.015,0.9081,0.9586
combined,2.0deg+10cm,deg+m,0,17238,1.0,25.933,33.731,0.7237,0.9762
baseline,0,-,1,17238,1.0,0.0,0.0,1.0,1.0
pitch,0.5,deg,1,17238,1.0,6.351,6.696,0.95,0.9763
pitch,1.0,deg,1,17238,1.0,12.684,13.304,0.8562,0.9999
pitch,1.5,deg,1,17238,1.0,19.02,19.914,0.7817,0.9998
pitch,2.0,deg,1,17238,1.0,25.354,26.498,0.7291,0.9997
yaw,0.5,deg,1,17238,1.0,7.025,9.658,0.9618,0.9945
yaw,1.0,deg,1,17238,1.0,14.05,19.313,0.9223,0.9886
yaw,1.5,deg,1,17238,1.0,21.053,29.012,0.8713,0.976
yaw,2.0,deg,1,17238,1.0,28.065,38.692,0.8344,0.9686
roll,0.5,deg,1,17238,1.0,2.341,4.675,0.9767,0.9959
roll,1.0,deg,1,17238,1.0,4.682,9.349,0.9556,0.9915
roll,1.5,deg,1,17238,1.0,7.024,14.024,0.9187,0.9882
roll,2.0,deg,1,17238,1.0,9.364,18.698,0.9117,0.984
trans_x,0.02,m,1,17238,1.0,1.45,2.99,0.9924,0.9984
trans_x,0.05,m,1,17238,1.0,3.624,7.474,0.9783,0.9967
trans_x,0.1,m,1,17238,1.0,7.249,14.951,0.96,0.9921
trans_y,0.02,m,1,17238,1.0,1.448,2.998,0.991,1.0
trans_y,0.05,m,1,17238,1.0,3.619,7.494,0.9567,0.9755
trans_y,0.1,m,1,17238,1.0,7.238,14.987,0.9169,0.9524
trans_z,0.02,m,1,17238,1.0,0.517,1.895,0.9911,0.9957
trans_z,0.05,m,1,17238,1.0,1.296,4.769,0.9774,0.9887
trans_z,0.1,m,1,17238,1.0,2.549,9.247,0.9873,1.0
combined,0.5deg+2cm,deg+m,1,17238,1.0,6.937,9.577,0.9411,0.995
combined,1.0deg+5cm,deg+m,1,17238,1.0,12.227,17.732,0.9238,0.99
combined,2.0deg+10cm,deg+m,1,17238,1.0,26.678,39.031,0.7666,0.9858
baseline,0,-,2,17238,1.0,0.0,0.0,1.0,1.0
pitch,0.5,deg,2,17238,1.0,6.344,6.667,0.9325,0.9999
pitch,1.0,deg,2,17238,1.0,12.71,13.424,0.9057,0.9528
pitch,1.5,deg,2,17238,1.0,19.078,20.184,0.8602,0.9288
pitch,2.0,deg,2,17238,1.0,25.458,26.978,0.8119,0.9075
yaw,0.5,deg,2,17238,1.0,7.025,9.658,0.9618,0.9945
yaw,1.0,deg,2,17238,1.0,14.038,19.331,0.9121,0.984
yaw,1.5,deg,2,17238,1.0,21.076,28.98,0.8858,0.9829
yaw,2.0,deg,2,17238,1.0,28.112,38.675,0.8482,0.9771
roll,0.5,deg,2,17238,1.0,2.341,4.675,0.9767,0.9959
roll,1.0,deg,2,17238,1.0,4.682,9.349,0.9461,0.9922
roll,1.5,deg,2,17238,1.0,7.024,14.024,0.9187,0.9882
roll,2.0,deg,2,17238,1.0,9.365,18.698,0.8928,0.9838
trans_x,0.02,m,2,17238,1.0,1.45,2.99,0.9899,0.9987
trans_x,0.05,m,2,17238,1.0,3.624,7.475,0.9798,0.9961
trans_x,0.1,m,2,17238,1.0,7.248,14.946,0.9565,0.9936
trans_y,0.02,m,2,17238,1.0,1.448,2.998,0.991,1.0
trans_y,0.05,m,2,17238,1.0,3.619,7.494,0.9567,0.9755
trans_y,0.1,m,2,17238,1.0,7.239,14.99,0.9206,1.0
trans_z,0.02,m,2,17238,1.0,0.517,1.895,0.9911,0.9957
trans_z,0.05,m,2,17238,1.0,1.282,4.672,0.9924,1.0
trans_z,0.1,m,2,17238,1.0,2.604,9.635,0.9551,0.9763
combined,0.5deg+2cm,deg+m,2,17238,1.0,2.819,5.292,0.9753,0.9948
combined,1.0deg+5cm,deg+m,2,17238,1.0,10.211,17.725,0.9067,0.9682
combined,2.0deg+10cm,deg+m,2,17238,1.0,20.851,31.322,0.775,0.9872
baseline,0,-,3,17238,1.0,0.0,0.0,1.0,1.0
pitch,0.5,deg,3,17238,1.0,6.344,6.667,0.9325,0.9999
pitch,1.0,deg,3,17238,1.0,12.71,13.424,0.9057,0.9528
pitch,1.5,deg,3,17238,1.0,19.078,20.184,0.8602,0.9288
pitch,2.0,deg,3,17238,1.0,25.458,26.978,0.8119,0.9075
yaw,0.5,deg,3,17238,1.0,7.025,9.658,0.9618,0.9945
yaw,1.0,deg,3,17238,1.0,14.038,19.331,0.9121,0.984
yaw,1.5,deg,3,17238,1.0,21.053,29.012,0.8713,0.976
yaw,2.0,deg,3,17238,1.0,28.065,38.692,0.8344,0.9686
roll,0.5,deg,3,17238,1.0,2.341,4.675,0.9767,0.9959
roll,1.0,deg,3,17238,1.0,4.682,9.349,0.9556,0.9915
roll,1.5,deg,3,17238,1.0,7.023,14.024,0.9355,0.9877
roll,2.0,deg,3,17238,1.0,9.364,18.698,0.9117,0.984
trans_x,0.02,m,3,17238,1.0,1.45,2.99,0.9899,0.9987
trans_x,0.05,m,3,17238,1.0,3.624,7.475,0.9798,0.9961
trans_x,0.1,m,3,17238,1.0,7.249,14.951,0.96,0.9921
trans_y,0.02,m,3,17238,1.0,1.448,2.998,0.991,1.0
trans_y,0.05,m,3,17238,1.0,3.619,7.494,0.9567,0.9755
trans_y,0.1,m,3,17238,1.0,7.238,14.987,0.9169,0.9524
trans_z,0.02,m,3,17238,1.0,0.517,1.895,0.9911,0.9957
trans_z,0.05,m,3,17238,1.0,1.296,4.769,0.9774,0.9887
trans_z,0.1,m,3,17238,1.0,2.604,9.635,0.9551,0.9763
combined,0.5deg+2cm,deg+m,3,17238,1.0,4.232,6.614,0.9636,0.9918
combined,1.0deg+5cm,deg+m,3,17238,1.0,15.33,20.997,0.8663,0.9574
combined,2.0deg+10cm,deg+m,3,17238,1.0,16.826,26.944,0.8758,0.946
baseline,0,-,4,17238,1.0,0.0,0.0,1.0,1.0
pitch,0.5,deg,4,17238,1.0,6.344,6.667,0.9325,0.9999
pitch,1.0,deg,4,17238,1.0,12.684,13.304,0.8562,0.9999
pitch,1.5,deg,4,17238,1.0,19.02,19.914,0.7817,0.9998
pitch,2.0,deg,4,17238,1.0,25.354,26.498,0.7291,0.9997
yaw,0.5,deg,4,17238,1.0,7.02,9.666,0.9543,0.9921
yaw,1.0,deg,4,17238,1.0,14.038,19.331,0.9121,0.984
yaw,1.5,deg,4,17238,1.0,21.053,29.012,0.8713,0.976
yaw,2.0,deg,4,17238,1.0,28.112,38.675,0.8482,0.9771
roll,0.5,deg,4,17238,1.0,2.341,4.675,0.9767,0.9959
roll,1.0,deg,4,17238,1.0,4.682,9.349,0.9461,0.9922
roll,1.5,deg,4,17238,1.0,7.023,14.024,0.9355,0.9877
roll,2.0,deg,4,17238,1.0,9.364,18.698,0.9117,0.984
trans_x,0.02,m,4,17238,1.0,1.45,2.99,0.9899,0.9987
trans_x,0.05,m,4,17238,1.0,3.624,7.474,0.9783,0.9967
trans_x,0.1,m,4,17238,1.0,7.248,14.946,0.9565,0.9936
trans_y,0.02,m,4,17238,1.0,1.448,2.998,0.991,1.0
trans_y,0.05,m,4,17238,1.0,3.619,7.494,0.9567,0.9755
trans_y,0.1,m,4,17238,1.0,7.238,14.987,0.9169,0.9524
trans_z,0.02,m,4,17238,1.0,0.517,1.895,0.9911,0.9957
trans_z,0.05,m,4,17238,1.0,1.282,4.672,0.9924,1.0
trans_z,0.1,m,4,17238,1.0,2.604,9.635,0.9551,0.9763
combined,0.5deg+2cm,deg+m,4,17238,1.0,4.762,5.857,0.9418,0.9987
combined,1.0deg+5cm,deg+m,4,17238,1.0,13.52,18.834,0.8458,0.997
combined,2.0deg+10cm,deg+m,4,17238,1.0,22.086,31.391,0.8403,0.9846
baseline,0,-,5,17238,1.0,0.0,0.0,1.0,1.0
pitch,0.5,deg,5,17238,1.0,6.344,6.667,0.9325,0.9999
pitch,1.0,deg,5,17238,1.0,12.684,13.304,0.8562,0.9999
pitch,1.5,deg,5,17238,1.0,19.078,20.184,0.8602,0.9288
pitch,2.0,deg,5,17238,1.0,25.354,26.498,0.7291,0.9997
yaw,0.5,deg,5,17238,1.0,7.025,9.658,0.9618,0.9945
yaw,1.0,deg,5,17238,1.0,14.038,19.331,0.9121,0.984
yaw,1.5,deg,5,17238,1.0,21.053,29.012,0.8713,0.976
yaw,2.0,deg,5,17238,1.0,28.112,38.675,0.8482,0.9771
roll,0.5,deg,5,17238,1.0,2.341,4.675,0.9797,0.9961
roll,1.0,deg,5,17238,1.0,4.682,9.349,0.9556,0.9915
roll,1.5,deg,5,17238,1.0,7.023,14.024,0.9355,0.9877
roll,2.0,deg,5,17238,1.0,9.364,18.698,0.9117,0.984
trans_x,0.02,m,5,17238,1.0,1.45,2.99,0.9899,0.9987
trans_x,0.05,m,5,17238,1.0,3.624,7.475,0.9798,0.9961
trans_x,0.1,m,5,17238,1.0,7.249,14.951,0.96,0.9921
trans_y,0.02,m,5,17238,1.0,1.448,2.998,0.991,1.0
trans_y,0.05,m,5,17238,1.0,3.619,7.494,0.9664,1.0
trans_y,0.1,m,5,17238,1.0,7.239,14.99,0.9206,1.0
trans_z,0.02,m,5,17238,1.0,0.517,1.895,0.9911,0.9957
trans_z,0.05,m,5,17238,1.0,1.282,4.672,0.9924,1.0
trans_z,0.1,m,5,17238,1.0,2.604,9.635,0.9551,0.9763
combined,0.5deg+2cm,deg+m,5,17238,1.0,4.319,6.283,0.9648,0.9941
combined,1.0deg+5cm,deg+m,5,17238,1.0,15.162,21.936,0.8588,0.9414
combined,2.0deg+10cm,deg+m,5,17238,1.0,15.905,27.602,0.863,0.9371
baseline,0,-,6,17238,1.0,0.0,0.0,1.0,1.0
pitch,0.5,deg,6,17238,1.0,6.351,6.696,0.95,0.9763
pitch,1.0,deg,6,17238,1.0,12.684,13.304,0.8562,0.9999
pitch,1.5,deg,6,17238,1.0,19.02,19.914,0.7817,0.9998
pitch,2.0,deg,6,17238,1.0,25.458,26.978,0.8119,0.9075
yaw,0.5,deg,6,17238,1.0,7.02,9.666,0.9543,0.9921
yaw,1.0,deg,6,17238,1.0,14.05,19.313,0.9223,0.9886
yaw,1.5,deg,6,17238,1.0,21.053,29.012,0.8713,0.976
yaw,2.0,deg,6,17238,1.0,28.112,38.675,0.8482,0.9771
roll,0.5,deg,6,17238,1.0,2.341,4.675,0.9767,0.9959
roll,1.0,deg,6,17238,1.0,4.682,9.349,0.9461,0.9922
roll,1.5,deg,6,17238,1.0,7.023,14.024,0.9355,0.9877
roll,2.0,deg,6,17238,1.0,9.365,18.698,0.8928,0.9838
trans_x,0.02,m,6,17238,1.0,1.45,2.99,0.9924,0.9984
trans_x,0.05,m,6,17238,1.0,3.624,7.474,0.9783,0.9967
trans_x,0.1,m,6,17238,1.0,7.248,14.946,0.9565,0.9936
trans_y,0.02,m,6,17238,1.0,1.448,2.998,0.991,1.0
trans_y,0.05,m,6,17238,1.0,3.619,7.494,0.9567,0.9755
trans_y,0.1,m,6,17238,1.0,7.238,14.987,0.9169,0.9524
trans_z,0.02,m,6,17238,1.0,0.517,1.895,0.9911,0.9957
trans_z,0.05,m,6,17238,1.0,1.296,4.769,0.9774,0.9887
trans_z,0.1,m,6,17238,1.0,2.549,9.247,0.9873,1.0
combined,0.5deg+2cm,deg+m,6,17238,1.0,2.899,5.756,0.9651,0.9963
combined,1.0deg+5cm,deg+m,6,17238,1.0,7.168,11.423,0.9138,0.9863
combined,2.0deg+10cm,deg+m,6,17238,1.0,20.025,25.032,0.8683,0.9487
baseline,0,-,7,17238,1.0,0.0,0.0,1.0,1.0
pitch,0.5,deg,7,17238,1.0,6.344,6.667,0.9325,0.9999
pitch,1.0,deg,7,17238,1.0,12.684,13.304,0.8562,0.9999
pitch,1.5,deg,7,17238,1.0,19.02,19.914,0.7817,0.9998
pitch,2.0,deg,7,17238,1.0,25.354,26.498,0.7291,0.9997
yaw,0.5,deg,7,17238,1.0,7.02,9.666,0.9543,0.9921
yaw,1.0,deg,7,17238,1.0,14.038,19.331,0.9121,0.984
yaw,1.5,deg,7,17238,1.0,21.053,29.012,0.8713,0.976
yaw,2.0,deg,7,17238,1.0,28.112,38.675,0.8482,0.9771
roll,0.5,deg,7,17238,1.0,2.341,4.675,0.9767,0.9959
roll,1.0,deg,7,17238,1.0,4.682,9.349,0.9556,0.9915
roll,1.5,deg,7,17238,1.0,7.023,14.024,0.9355,0.9877
roll,2.0,deg,7,17238,1.0,9.365,18.698,0.8928,0.9838
trans_x,0.02,m,7,17238,1.0,1.45,2.99,0.9899,0.9987
trans_x,0.05,m,7,17238,1.0,3.624,7.475,0.9798,0.9961
trans_x,0.1,m,7,17238,1.0,7.249,14.951,0.96,0.9921
trans_y,0.02,m,7,17238,1.0,1.448,2.998,0.9832,0.9922
trans_y,0.05,m,7,17238,1.0,3.619,7.494,0.9664,1.0
trans_y,0.1,m,7,17238,1.0,7.238,14.987,0.9169,0.9524
trans_z,0.02,m,7,17238,1.0,0.517,1.895,0.9911,0.9957
trans_z,0.05,m,7,17238,1.0,1.296,4.769,0.9774,0.9887
trans_z,0.1,m,7,17238,1.0,2.549,9.247,0.9873,1.0
combined,0.5deg+2cm,deg+m,7,17238,1.0,2.876,5.624,0.9635,0.9946
combined,1.0deg+5cm,deg+m,7,17238,1.0,13.976,22.388,0.8937,0.9773
combined,2.0deg+10cm,deg+m,7,17238,1.0,21.757,29.794,0.7628,0.9934
baseline,0,-,8,17238,1.0,0.0,0.0,1.0,1.0
pitch,0.5,deg,8,17238,1.0,6.344,6.667,0.9325,0.9999
pitch,1.0,deg,8,17238,1.0,12.71,13.424,0.9057,0.9528
pitch,1.5,deg,8,17238,1.0,19.078,20.184,0.8602,0.9288
pitch,2.0,deg,8,17238,1.0,25.354,26.498,0.7291,0.9997
yaw,0.5,deg,8,17238,1.0,7.025,9.658,0.9618,0.9945
yaw,1.0,deg,8,17238,1.0,14.05,19.313,0.9223,0.9886
yaw,1.5,deg,8,17238,1.0,21.053,29.012,0.8713,0.976
yaw,2.0,deg,8,17238,1.0,28.065,38.692,0.8344,0.9686
roll,0.5,deg,8,17238,1.0,2.341,4.675,0.9797,0.9961
roll,1.0,deg,8,17238,1.0,4.682,9.349,0.9461,0.9922
roll,1.5,deg,8,17238,1.0,7.023,14.024,0.9355,0.9877
roll,2.0,deg,8,17238,1.0,9.364,18.698,0.9117,0.984
trans_x,0.02,m,8,17238,1.0,1.45,2.99,0.9899,0.9987
trans_x,0.05,m,8,17238,1.0,3.624,7.475,0.9798,0.9961
trans_x,0.1,m,8,17238,1.0,7.249,14.951,0.96,0.9921
trans_y,0.02,m,8,17238,1.0,1.448,2.998,0.991,1.0
trans_y,0.05,m,8,17238,1.0,3.619,7.494,0.9664,1.0
trans_y,0.1,m,8,17238,1.0,7.239,14.99,0.9206,1.0
trans_z,0.02,m,8,17238,1.0,0.514,1.879,0.9965,1.0
trans_z,0.05,m,8,17238,1.0,1.296,4.769,0.9774,0.9887
trans_z,0.1,m,8,17238,1.0,2.549,9.247,0.9873,1.0
combined,0.5deg+2cm,deg+m,8,17238,1.0,2.896,5.907,0.9712,0.991
combined,1.0deg+5cm,deg+m,8,17238,1.0,12.013,13.736,0.8584,0.9933
combined,2.0deg+10cm,deg+m,8,17238,1.0,21.41,28.286,0.7635,0.9882
baseline,0,-,9,17238,1.0,0.0,0.0,1.0,1.0
pitch,0.5,deg,9,17238,1.0,6.351,6.696,0.95,0.9763
pitch,1.0,deg,9,17238,1.0,12.684,13.304,0.8562,0.9999
pitch,1.5,deg,9,17238,1.0,19.02,19.914,0.7817,0.9998
pitch,2.0,deg,9,17238,1.0,25.458,26.978,0.8119,0.9075
yaw,0.5,deg,9,17238,1.0,7.025,9.658,0.9618,0.9945
yaw,1.0,deg,9,17238,1.0,14.038,19.331,0.9121,0.984
yaw,1.5,deg,9,17238,1.0,21.053,29.012,0.8713,0.976
yaw,2.0,deg,9,17238,1.0,28.065,38.692,0.8344,0.9686
roll,0.5,deg,9,17238,1.0,2.341,4.675,0.9797,0.9961
roll,1.0,deg,9,17238,1.0,4.682,9.349,0.9461,0.9922
roll,1.5,deg,9,17238,1.0,7.024,14.024,0.9187,0.9882
roll,2.0,deg,9,17238,1.0,9.365,18.698,0.8928,0.9838
trans_x,0.02,m,9,17238,1.0,1.45,2.99,0.9899,0.9987
trans_x,0.05,m,9,17238,1.0,3.624,7.474,0.9783,0.9967
trans_x,0.1,m,9,17238,1.0,7.248,14.946,0.9565,0.9936
trans_y,0.02,m,9,17238,1.0,1.448,2.998,0.9832,0.9922
trans_y,0.05,m,9,17238,1.0,3.619,7.494,0.9664,1.0
trans_y,0.1,m,9,17238,1.0,7.239,14.99,0.9206,1.0
trans_z,0.02,m,9,17238,1.0,0.514,1.879,0.9965,1.0
trans_z,0.05,m,9,17238,1.0,1.296,4.769,0.9774,0.9887
trans_z,0.1,m,9,17238,1.0,2.549,9.247,0.9873,1.0
combined,0.5deg+2cm,deg+m,9,17238,1.0,2.684,5.569,0.9597,0.9987
combined,1.0deg+5cm,deg+m,9,17238,1.0,8.679,15.435,0.8805,0.9938
combined,2.0deg+10cm,deg+m,9,17238,1.0,30.199,38.514,0.6744,1.0
baseline,0,-,10,17238,1.0,0.0,0.0,1.0,1.0
pitch,0.5,deg,10,17238,1.0,6.344,6.667,0.9325,0.9999
pitch,1.0,deg,10,17238,1.0,12.684,13.304,0.8562,0.9999
pitch,1.5,deg,10,17238,1.0,19.078,20.184,0.8602,0.9288
pitch,2.0,deg,10,17238,1.0,25.458,26.978,0.8119,0.9075
yaw,0.5,deg,10,17238,1.0,7.02,9.666,0.9543,0.9921
yaw,1.0,deg,10,17238,1.0,14.038,19.331,0.9121,0.984
yaw,1.5,deg,10,17238,1.0,21.053,29.012,0.8713,0.976
yaw,2.0,deg,10,17238,1.0,28.112,38.675,0.8482,0.9771
roll,0.5,deg,10,17238,1.0,2.341,4.675,0.9797,0.9961
roll,1.0,deg,10,17238,1.0,4.682,9.349,0.9461,0.9922
roll,1.5,deg,10,17238,1.0,7.023,14.024,0.9355,0.9877
roll,2.0,deg,10,17238,1.0,9.364,18.698,0.9117,0.984
trans_x,0.02,m,10,17238,1.0,1.45,2.99,0.9924,0.9984
trans_x,0.05,m,10,17238,1.0,3.624,7.474,0.9783,0.9967
trans_x,0.1,m,10,17238,1.0,7.249,14.951,0.96,0.9921
trans_y,0.02,m,10,17238,1.0,1.448,2.998,0.9832,0.9922
trans_y,0.05,m,10,17238,1.0,3.619,7.494,0.9664,1.0
trans_y,0.1,m,10,17238,1.0,7.239,14.99,0.9206,1.0
trans_z,0.02,m,10,17238,1.0,0.514,1.879,0.9965,1.0
trans_z,0.05,m,10,17238,1.0,1.282,4.672,0.9924,1.0
trans_z,0.1,m,10,17238,1.0,2.604,9.635,0.9551,0.9763
combined,0.5deg+2cm,deg+m,10,17238,1.0,6.033,6.623,0.9468,0.986
combined,1.0deg+5cm,deg+m,10,17238,1.0,11.324,12.658,0.908,0.9654
combined,2.0deg+10cm,deg+m,10,17238,1.0,10.001,21.354,0.8935,0.986
baseline,0,-,11,17238,1.0,0.0,0.0,1.0,1.0
pitch,0.5,deg,11,17238,1.0,6.351,6.696,0.95,0.9763
pitch,1.0,deg,11,17238,1.0,12.71,13.424,0.9057,0.9528
pitch,1.5,deg,11,17238,1.0,19.02,19.914,0.7817,0.9998
pitch,2.0,deg,11,17238,1.0,25.458,26.978,0.8119,0.9075
yaw,0.5,deg,11,17238,1.0,7.02,9.666,0.9543,0.9921
yaw,1.0,deg,11,17238,1.0,14.038,19.331,0.9121,0.984
yaw,1.5,deg,11,17238,1.0,21.053,29.012,0.8713,0.976
yaw,2.0,deg,11,17238,1.0,28.112,38.675,0.8482,0.9771
roll,0.5,deg,11,17238,1.0,2.341,4.675,0.9767,0.9959
roll,1.0,deg,11,17238,1.0,4.682,9.349,0.9556,0.9915
roll,1.5,deg,11,17238,1.0,7.023,14.024,0.9355,0.9877
roll,2.0,deg,11,17238,1.0,9.365,18.698,0.8928,0.9838
trans_x,0.02,m,11,17238,1.0,1.45,2.99,0.9899,0.9987
trans_x,0.05,m,11,17238,1.0,3.624,7.475,0.9798,0.9961
trans_x,0.1,m,11,17238,1.0,7.248,14.946,0.9565,0.9936
trans_y,0.02,m,11,17238,1.0,1.448,2.998,0.991,1.0
trans_y,0.05,m,11,17238,1.0,3.619,7.494,0.9567,0.9755
trans_y,0.1,m,11,17238,1.0,7.238,14.987,0.9169,0.9524
trans_z,0.02,m,11,17238,1.0,0.514,1.879,0.9965,1.0
trans_z,0.05,m,11,17238,1.0,1.282,4.672,0.9924,1.0
trans_z,0.1,m,11,17238,1.0,2.549,9.247,0.9873,1.0
combined,0.5deg+2cm,deg+m,11,17238,1.0,6.582,8.975,0.9511,0.9908
combined,1.0deg+5cm,deg+m,11,17238,1.0,8.043,12.59,0.9277,0.9927
combined,2.0deg+10cm,deg+m,11,17238,1.0,25.798,39.836,0.8275,0.9655
baseline,0,-,12,17238,1.0,0.0,0.0,1.0,1.0
pitch,0.5,deg,12,17238,1.0,6.344,6.667,0.9325,0.9999
pitch,1.0,deg,12,17238,1.0,12.71,13.424,0.9057,0.9528
pitch,1.5,deg,12,17238,1.0,19.02,19.914,0.7817,0.9998
pitch,2.0,deg,12,17238,1.0,25.354,26.498,0.7291,0.9997
yaw,0.5,deg,12,17238,1.0,7.025,9.658,0.9618,0.9945
yaw,1.0,deg,12,17238,1.0,14.05,19.313,0.9223,0.9886
yaw,1.5,deg,12,17238,1.0,21.076,28.98,0.8858,0.9829
yaw,2.0,deg,12,17238,1.0,28.112,38.675,0.8482,0.9771
roll,0.5,deg,12,17238,1.0,2.341,4.675,0.9797,0.9961
roll,1.0,deg,12,17238,1.0,4.682,9.349,0.9556,0.9915
roll,1.5,deg,12,17238,1.0,7.023,14.024,0.9355,0.9877
roll,2.0,deg,12,17238,1.0,9.364,18.698,0.9117,0.984
trans_x,0.02,m,12,17238,1.0,1.45,2.99,0.9899,0.9987
trans_x,0.05,m,12,17238,1.0,3.624,7.474,0.9783,0.9967
trans_x,0.1,m,12,17238,1.0,7.248,14.946,0.9565,0.9936
trans_y,0.02,m,12,17238,1.0,1.448,2.998,0.991,1.0
trans_y,0.05,m,12,17238,1.0,3.619,7.494,0.9664,1.0
trans_y,0.1,m,12,17238,1.0,7.238,14.987,0.9169,0.9524
trans_z,0.02,m,12,17238,1.0,0.517,1.895,0.9911,0.9957
trans_z,0.05,m,12,17238,1.0,1.282,4.672,0.9924,1.0
trans_z,0.1,m,12,17238,1.0,2.549,9.247,0.9873,1.0
combined,0.5deg+2cm,deg+m,12,17238,1.0,7.425,10.325,0.9543,0.9939
combined,1.0deg+5cm,deg+m,12,17238,1.0,11.55,17.22,0.8428,0.9979
combined,2.0deg+10cm,deg+m,12,17238,1.0,19.697,32.211,0.8774,0.9897
baseline,0,-,13,17238,1.0,0.0,0.0,1.0,1.0
pitch,0.5,deg,13,17238,1.0,6.344,6.667,0.9325,0.9999
pitch,1.0,deg,13,17238,1.0,12.684,13.304,0.8562,0.9999
pitch,1.5,deg,13,17238,1.0,19.02,19.914,0.7817,0.9998
pitch,2.0,deg,13,17238,1.0,25.354,26.498,0.7291,0.9997
yaw,0.5,deg,13,17238,1.0,7.025,9.658,0.9618,0.9945
yaw,1.0,deg,13,17238,1.0,14.038,19.331,0.9121,0.984
yaw,1.5,deg,13,17238,1.0,21.053,29.012,0.8713,0.976
yaw,2.0,deg,13,17238,1.0,28.112,38.675,0.8482,0.9771
roll,0.5,deg,13,17238,1.0,2.341,4.675,0.9767,0.9959
roll,1.0,deg,13,17238,1.0,4.682,9.349,0.9556,0.9915
roll,1.5,deg,13,17238,1.0,7.024,14.024,0.9187,0.9882
roll,2.0,deg,13,17238,1.0,9.365,18.698,0.8928,0.9838
trans_x,0.02,m,13,17238,1.0,1.45,2.99,0.9899,0.9987
trans_x,0.05,m,13,17238,1.0,3.624,7.474,0.9783,0.9967
trans_x,0.1,m,13,17238,1.0,7.248,14.946,0.9565,0.9936
trans_y,0.02,m,13,17238,1.0,1.448,2.998,0.991,1.0
trans_y,0.05,m,13,17238,1.0,3.619,7.494,0.9567,0.9755
trans_y,0.1,m,13,17238,1.0,7.238,14.987,0.9169,0.9524
trans_z,0.02,m,13,17238,1.0,0.517,1.895,0.9911,0.9957
trans_z,0.05,m,13,17238,1.0,1.282,4.672,0.9924,1.0
trans_z,0.1,m,13,17238,1.0,2.549,9.247,0.9873,1.0
combined,0.5deg+2cm,deg+m,13,17238,1.0,3.027,5.477,0.9708,0.9934
combined,1.0deg+5cm,deg+m,13,17238,1.0,15.251,20.593,0.869,0.9608
combined,2.0deg+10cm,deg+m,13,17238,1.0,13.563,22.878,0.807,0.9898
baseline,0,-,14,17238,1.0,0.0,0.0,1.0,1.0
pitch,0.5,deg,14,17238,1.0,6.351,6.696,0.95,0.9763
pitch,1.0,deg,14,17238,1.0,12.684,13.304,0.8562,0.9999
pitch,1.5,deg,14,17238,1.0,19.02,19.914,0.7817,0.9998
pitch,2.0,deg,14,17238,1.0,25.458,26.978,0.8119,0.9075
yaw,0.5,deg,14,17238,1.0,7.025,9.658,0.9618,0.9945
yaw,1.0,deg,14,17238,1.0,14.038,19.331,0.9121,0.984
yaw,1.5,deg,14,17238,1.0,21.076,28.98,0.8858,0.9829
yaw,2.0,deg,14,17238,1.0,28.065,38.692,0.8344,0.9686
roll,0.5,deg,14,17238,1.0,2.341,4.675,0.9767,0.9959
roll,1.0,deg,14,17238,1.0,4.682,9.349,0.9461,0.9922
roll,1.5,deg,14,17238,1.0,7.023,14.024,0.9355,0.9877
roll,2.0,deg,14,17238,1.0,9.365,18.698,0.8928,0.9838
trans_x,0.02,m,14,17238,1.0,1.45,2.99,0.9924,0.9984
trans_x,0.05,m,14,17238,1.0,3.624,7.474,0.9783,0.9967
trans_x,0.1,m,14,17238,1.0,7.249,14.951,0.96,0.9921
trans_y,0.02,m,14,17238,1.0,1.448,2.998,0.9832,0.9922
trans_y,0.05,m,14,17238,1.0,3.619,7.494,0.9567,0.9755
trans_y,0.1,m,14,17238,1.0,7.239,14.99,0.9206,1.0
trans_z,0.02,m,14,17238,1.0,0.514,1.879,0.9965,1.0
trans_z,0.05,m,14,17238,1.0,1.282,4.672,0.9924,1.0
trans_z,0.1,m,14,17238,1.0,2.549,9.247,0.9873,1.0
combined,0.5deg+2cm,deg+m,14,17238,1.0,2.999,6.513,0.9624,0.988
combined,1.0deg+5cm,deg+m,14,17238,1.0,10.208,14.003,0.9348,0.9916
combined,2.0deg+10cm,deg+m,14,17238,1.0,31.935,44.835,0.6543,0.9804
baseline,0,-,15,17238,1.0,0.0,0.0,1.0,1.0
pitch,0.5,deg,15,17238,1.0,6.344,6.667,0.9325,0.9999
pitch,1.0,deg,15,17238,1.0,12.684,13.304,0.8562,0.9999
pitch,1.5,deg,15,17238,1.0,19.02,19.914,0.7817,0.9998
pitch,2.0,deg,15,17238,1.0,25.354,26.498,0.7291,0.9997
yaw,0.5,deg,15,17238,1.0,7.025,9.658,0.9618,0.9945
yaw,1.0,deg,15,17238,1.0,14.05,19.313,0.9223,0.9886
yaw,1.5,deg,15,17238,1.0,21.076,28.98,0.8858,0.9829
yaw,2.0,deg,15,17238,1.0,28.112,38.675,0.8482,0.9771
roll,0.5,deg,15,17238,1.0,2.341,4.675,0.9767,0.9959
roll,1.0,deg,15,17238,1.0,4.682,9.349,0.9461,0.9922
roll,1.5,deg,15,17238,1.0,7.024,14.024,0.9187,0.9882
roll,2.0,deg,15,17238,1.0,9.364,18.698,0.9117,0.984
trans_x,0.02,m,15,17238,1.0,1.45,2.99,0.9899,0.9987
trans_x,0.05,m,15,17238,1.0,3.624,7.474,0.9783,0.9967
trans_x,0.1,m,15,17238,1.0,7.249,14.951,0.96,0.9921
trans_y,0.02,m,15,17238,1.0,1.448,2.998,0.991,1.0
trans_y,0.05,m,15,17238,1.0,3.619,7.494,0.9567,0.9755
trans_y,0.1,m,15,17238,1.0,7.239,14.99,0.9206,1.0
trans_z,0.02,m,15,17238,1.0,0.517,1.895,0.9911,0.9957
trans_z,0.05,m,15,17238,1.0,1.282,4.672,0.9924,1.0
trans_z,0.1,m,15,17238,1.0,2.604,9.635,0.9551,0.9763
combined,0.5deg+2cm,deg+m,15,17238,1.0,6.264,6.928,0.9266,0.9979
combined,1.0deg+5cm,deg+m,15,17238,1.0,8.874,13.914,0.879,0.9939
combined,2.0deg+10cm,deg+m,15,17238,1.0,22.853,29.242,0.8244,0.9275
baseline,0,-,16,17238,1.0,0.0,0.0,1.0,1.0
pitch,0.5,deg,16,17238,1.0,6.344,6.667,0.9325,0.9999
pitch,1.0,deg,16,17238,1.0,12.684,13.304,0.8562,0.9999
pitch,1.5,deg,16,17238,1.0,19.02,19.914,0.7817,0.9998
pitch,2.0,deg,16,17238,1.0,25.458,26.978,0.8119,0.9075
yaw,0.5,deg,16,17238,1.0,7.02,9.666,0.9543,0.9921
yaw,1.0,deg,16,17238,1.0,14.05,19.313,0.9223,0.9886
yaw,1.5,deg,16,17238,1.0,21.053,29.012,0.8713,0.976
yaw,2.0,deg,16,17238,1.0,28.112,38.675,0.8482,0.9771
roll,0.5,deg,16,17238,1.0,2.341,4.675,0.9767,0.9959
roll,1.0,deg,16,17238,1.0,4.682,9.349,0.9461,0.9922
roll,1.5,deg,16,17238,1.0,7.023,14.024,0.9355,0.9877
roll,2.0,deg,16,17238,1.0,9.364,18.698,0.9117,0.984
trans_x,0.02,m,16,17238,1.0,1.45,2.99,0.9924,0.9984
trans_x,0.05,m,16,17238,1.0,3.624,7.474,0.9783,0.9967
trans_x,0.1,m,16,17238,1.0,7.249,14.951,0.96,0.9921
trans_y,0.02,m,16,17238,1.0,1.448,2.998,0.9832,0.9922
trans_y,0.05,m,16,17238,1.0,3.619,7.494,0.9567,0.9755
trans_y,0.1,m,16,17238,1.0,7.239,14.99,0.9206,1.0
trans_z,0.02,m,16,17238,1.0,0.517,1.895,0.9911,0.9957
trans_z,0.05,m,16,17238,1.0,1.282,4.672,0.9924,1.0
trans_z,0.1,m,16,17238,1.0,2.604,9.635,0.9551,0.9763
combined,0.5deg+2cm,deg+m,16,17238,1.0,4.91,9.151,0.9507,0.9794
combined,1.0deg+5cm,deg+m,16,17238,1.0,10.162,13.57,0.8723,0.9932
combined,2.0deg+10cm,deg+m,16,17238,1.0,26.108,33.355,0.7258,0.999
baseline,0,-,17,17238,1.0,0.0,0.0,1.0,1.0
pitch,0.5,deg,17,17238,1.0,6.344,6.667,0.9325,0.9999
pitch,1.0,deg,17,17238,1.0,12.684,13.304,0.8562,0.9999
pitch,1.5,deg,17,17238,1.0,19.078,20.184,0.8602,0.9288
pitch,2.0,deg,17,17238,1.0,25.458,26.978,0.8119,0.9075
yaw,0.5,deg,17,17238,1.0,7.025,9.658,0.9618,0.9945
yaw,1.0,deg,17,17238,1.0,14.038,19.331,0.9121,0.984
yaw,1.5,deg,17,17238,1.0,21.053,29.012,0.8713,0.976
yaw,2.0,deg,17,17238,1.0,28.112,38.675,0.8482,0.9771
roll,0.5,deg,17,17238,1.0,2.341,4.675,0.9767,0.9959
roll,1.0,deg,17,17238,1.0,4.682,9.349,0.9556,0.9915
roll,1.5,deg,17,17238,1.0,7.023,14.024,0.9355,0.9877
roll,2.0,deg,17,17238,1.0,9.364,18.698,0.9117,0.984
trans_x,0.02,m,17,17238,1.0,1.45,2.99,0.9899,0.9987
trans_x,0.05,m,17,17238,1.0,3.624,7.475,0.9798,0.9961
trans_x,0.1,m,17,17238,1.0,7.248,14.946,0.9565,0.9936
trans_y,0.02,m,17,17238,1.0,1.448,2.998,0.9832,0.9922
trans_y,0.05,m,17,17238,1.0,3.619,7.494,0.9664,1.0
trans_y,0.1,m,17,17238,1.0,7.238,14.987,0.9169,0.9524
trans_z,0.02,m,17,17238,1.0,0.517,1.895,0.9911,0.9957
trans_z,0.05,m,17,17238,1.0,1.296,4.769,0.9774,0.9887
trans_z,0.1,m,17,17238,1.0,2.549,9.247,0.9873,1.0
combined,0.5deg+2cm,deg+m,17,17238,1.0,6.609,9.189,0.939,0.9776
combined,1.0deg+5cm,deg+m,17,17238,1.0,9.074,11.604,0.8858,1.0
combined,2.0deg+10cm,deg+m,17,17238,1.0,21.294,28.365,0.8557,0.9655
baseline,0,-,18,17238,1.0,0.0,0.0,1.0,1.0
pitch,0.5,deg,18,17238,1.0,6.344,6.667,0.9325,0.9999
pitch,1.0,deg,18,17238,1.0,12.71,13.424,0.9057,0.9528
pitch,1.5,deg,18,17238,1.0,19.078,20.184,0.8602,0.9288
pitch,2.0,deg,18,17238,1.0,25.354,26.498,0.7291,0.9997
yaw,0.5,deg,18,17238,1.0,7.02,9.666,0.9543,0.9921
yaw,1.0,deg,18,17238,1.0,14.05,19.313,0.9223,0.9886
yaw,1.5,deg,18,17238,1.0,21.076,28.98,0.8858,0.9829
yaw,2.0,deg,18,17238,1.0,28.112,38.675,0.8482,0.9771
roll,0.5,deg,18,17238,1.0,2.341,4.675,0.9797,0.9961
roll,1.0,deg,18,17238,1.0,4.682,9.349,0.9461,0.9922
roll,1.5,deg,18,17238,1.0,7.024,14.024,0.9187,0.9882
roll,2.0,deg,18,17238,1.0,9.365,18.698,0.8928,0.9838
trans_x,0.02,m,18,17238,1.0,1.45,2.99,0.9899,0.9987
trans_x,0.05,m,18,17238,1.0,3.624,7.474,0.9783,0.9967
trans_x,0.1,m,18,17238,1.0,7.248,14.946,0.9565,0.9936
trans_y,0.02,m,18,17238,1.0,1.448,2.998,0.9832,0.9922
trans_y,0.05,m,18,17238,1.0,3.619,7.494,0.9567,0.9755
trans_y,0.1,m,18,17238,1.0,7.239,14.99,0.9206,1.0
trans_z,0.02,m,18,17238,1.0,0.517,1.895,0.9911,0.9957
trans_z,0.05,m,18,17238,1.0,1.296,4.769,0.9774,0.9887
trans_z,0.1,m,18,17238,1.0,2.549,9.247,0.9873,1.0
combined,0.5deg+2cm,deg+m,18,17238,1.0,6.807,7.923,0.9222,0.9969
combined,1.0deg+5cm,deg+m,18,17238,1.0,11.535,15.915,0.9012,0.9492
combined,2.0deg+10cm,deg+m,18,17238,1.0,23.769,34.491,0.7734,0.9706
baseline,0,-,19,17238,1.0,0.0,0.0,1.0,1.0
pitch,0.5,deg,19,17238,1.0,6.344,6.667,0.9325,0.9999
pitch,1.0,deg,19,17238,1.0,12.71,13.424,0.9057,0.9528
pitch,1.5,deg,19,17238,1.0,19.078,20.184,0.8602,0.9288
pitch,2.0,deg,19,17238,1.0,25.354,26.498,0.7291,0.9997
yaw,0.5,deg,19,17238,1.0,7.025,9.658,0.9618,0.9945
yaw,1.0,deg,19,17238,1.0,14.05,19.313,0.9223,0.9886
yaw,1.5,deg,19,17238,1.0,21.053,29.012,0.8713,0.976
yaw,2.0,deg,19,17238,1.0,28.112,38.675,0.8482,0.9771
roll,0.5,deg,19,17238,1.0,2.341,4.675,0.9767,0.9959
roll,1.0,deg,19,17238,1.0,4.682,9.349,0.9556,0.9915
roll,1.5,deg,19,17238,1.0,7.023,14.024,0.9355,0.9877
roll,2.0,deg,19,17238,1.0,9.365,18.698,0.8928,0.9838
trans_x,0.02,m,19,17238,1.0,1.45,2.99,0.9899,0.9987
trans_x,0.05,m,19,17238,1.0,3.624,7.474,0.9783,0.9967
trans_x,0.1,m,19,17238,1.0,7.249,14.951,0.96,0.9921
trans_y,0.02,m,19,17238,1.0,1.448,2.998,0.9832,0.9922
trans_y,0.05,m,19,17238,1.0,3.619,7.494,0.9567,0.9755
trans_y,0.1,m,19,17238,1.0,7.239,14.99,0.9206,1.0
trans_z,0.02,m,19,17238,1.0,0.517,1.895,0.9911,0.9957
trans_z,0.05,m,19,17238,1.0,1.282,4.672,0.9924,1.0
trans_z,0.1,m,19,17238,1.0,2.604,9.635,0.9551,0.9763
combined,0.5deg+2cm,deg+m,19,17238,1.0,5.694,8.16,0.9385,0.9952
combined,1.0deg+5cm,deg+m,19,17238,1.0,15.277,18.633,0.8677,0.9372
combined,2.0deg+10cm,deg+m,19,17238,1.0,25.121,36.473,0.7794,0.9109
