object_id,class_name,bbox_label,ignore,valid_3d,bbox,bbox_3d,center_2d,depth,num_lidar_pts,difficulty,truncated,occluded,alpha,score,index,group_id
0,Car,2,False,True,"[0.0, 192.37, 402.31, 374.0]","[-2.7, 1.74, 3.68, 3.23, 1.6, 1.57, -1.29]","[92.29086303710938, 356.9522705078125]",3.682745933532715,1325,-1,0.88,3,-0.69,0.0,0,0
1,Car,2,False,True,"[334.85, 178.94, 624.5, 372.04]","[-1.17, 1.65, 7.86, 3.68, 1.57, 1.5, 1.9]","[507.68450927734375, 252.1992950439453]",7.862746238708496,1900,1,0.0,1,2.04,0.0,1,1
2,Car,2,False,True,"[937.29, 197.39, 1241.0, 374.0]","[3.81, 1.64, 6.15, 3.08, 1.39, 1.44, -1.31]","[1063.3797607421875, 283.6329650878906]",6.152746200561523,881,-1,0.34,3,-1.84,0.0,2,2
3,Car,2,False,True,"[597.59, 176.18, 720.9, 261.14]","[1.07, 1.55, 14.44, 3.66, 1.47, 1.6, -1.25]","[666.0049438476562, 213.5522918701172]",14.442745208740234,659,1,0.0,1,-1.33,0.0,3,3
4,Car,2,False,True,"[741.18, 168.83, 792.25, 208.43]","[7.24, 1.55, 33.2, 4.08, 1.7, 1.63, 1.95]","[768.1942749023438, 188.05809020996094]",33.2027473449707,55,1,0.0,0,1.74,0.0,4,4
5,Car,2,False,True,"[884.52, 178.31, 956.41, 240.18]","[8.48, 1.75, 19.96, 2.47, 1.59, 1.59, -1.25]","[918.2254028320312, 207.35877990722656]",19.962745666503906,162,0,0.0,0,-1.65,0.0,5,5
6,Ignore,-1,True,False,"[800.38, 163.67, 825.45, 184.07]","[-1000.0, -1000.0, -1000.0, -1.0, -1.0, -1.0, -10.0]","[1331.055908203125, 894.033203125]",-999.9972534179688,-1,-1,-1.0,-1,-10.0,0.0,-1,6
7,Ignore,-1,True,False,"[859.58, 172.34, 886.26, 194.51]","[-1000.0, -1000.0, -1000.0, -1.0, -1.0, -1.0, -10.0]","[1331.055908203125, 894.033203125]",-999.9972534179688,-1,-1,-1.0,-1,-10.0,0.0,-1,7
8,Ignore,-1,True,False,"[801.81, 163.96, 825.2, 183.59]","[-1000.0, -1000.0, -1000.0, -1.0, -1.0, -1.0, -10.0]","[1331.055908203125, 894.033203125]",-999.9972534179688,-1,-1,-1.0,-1,-10.0,0.0,-1,8
9,Ignore,-1,True,False,"[826.87, 162.28, 845.84, 178.86]","[-1000.0, -1000.0, -1000.0, -1.0, -1.0, -1.0, -10.0]","[1331.055908203125, 894.033203125]",-999.9972534179688,-1,-1,-1.0,-1,-10.0,0.0,-1,9
